ID,Type,SKU,Name,Published,"Is featured?","Visibility in catalog","Short description",Description,"Date sale price starts","Date sale price ends","Tax status","Tax class","In stock?",Stock,"Low stock amount","Backorders allowed?","Sold individually?","Weight (kg)","Length (cm)","Width (cm)","Height (cm)","Allow customer reviews?","Purchase note","Sale price","Regular price",Categories,Tags,"Shipping class",Images,"Download limit","Download expiry days",Parent,"Grouped products",Upsells,Cross-sells,"External URL","Button text",Position,"Swatches Attributes","Meta: mb_page_sidebar_layout","Meta: mb_header_presets","Meta: mb_page_title_conditional","Meta: mb_page_title_use_feature_image","Meta: mb_show_breadcrumbs","Meta: mb_page_title_vertical_align","Meta: mb_page_title_horizontal_align","Meta: mb_page_title_font_color","Meta: mb_page_title_bg_color","Meta: mb_page_title_bg_repeat","Meta: mb_page_title_bg_size","Meta: mb_page_title_bg_attachment","Meta: mb_page_title_bg_position","Meta: mb_page_title_height","Meta: mb_page_title_top_border","Meta: mb_page_title_top_border_color_opacity","Meta: mb_page_title_bottom_border","Meta: mb_page_title_bottom_border_color_opacity","Meta: mb_page_title_bottom_margin","Meta: mb_single_product","Meta: mb_product_container","Meta: mb_thumbnails_layout","Meta: mb_sticky_thumb","Meta: mb_img_size_guide","Meta: mb_img_size_masonry","Meta: _checkbox_hot","Meta: _checkbox_new","Meta: gt3_new_product_tab_meta_value_key","Meta: gt3_product_subtitle_meta_value_key","Meta: _wp_page_template","Meta: mb_bubbles_block","Meta: _gt3_header_file_css","Meta: _gt3_footer_file_js","Meta: _gt3_footer_file_css","Meta: rs_page_bg_color","Meta: _gt3_usage_blocks","Meta: _gt3_usage_shortcodes","Attribute 1 name","Attribute 1 value(s)","Attribute 1 visible","Attribute 1 global","Attribute 1 default","Attribute 2 name","Attribute 2 value(s)","Attribute 2 visible","Attribute 2 global","Attribute 2 default","Meta: mb_gallery_images_count_state","Meta: mb_gallery_images_count","Meta: _wp_old_date"
8336,simple,,"Wine Breather Carafe",1,0,visible,"Maecenas varius id metus eu rutrum. Ut porta eu sapien sed finibus. Vivamus facilisis, diam in mollis finibus, tortor orci egestas sapien, id egestas sapien leo et mi.","Aenean sed auctor metus. Maecenas et luctus neque, quis ullamcorper erat. Vestibulum ante ipsum primis in faucibus orci luctus et ultrices posuere cubilia curae; Mauris posuere purus placerat massa aliquet facilisis. Aliquam aliquet posuere velit, id ultricies enim laoreet ut. Mauris posuere dignissim maximus. Integer a fermentum metus.\n\nCurabitur rutrum quam id erat pulvinar ultricies. Proin sollicitudin facilisis bibendum. Nunc ac magna mauris. Suspendisse et dui pulvinar lacus bibendum placerat ut molestie lacus. Morbi ac ex dolor. Praesent ultrices ligula quis neque mattis cursus. Integer consequat consequat mollis. Vestibulum dignissim tristique semper. Aliquam et lorem vitae felis aliquam vestibulum in in sapien. Etiam dictum justo quis lacus gravida placerat. Ut maximus lacus eu malesuada malesuada. Pellentesque porttitor lectus ullamcorper, mattis nunc bibendum, euismod augue.\n\n<h6>Materials:</h6>  Glass, Silicone, Stainless Steel, Plastic\n<h6>Dimensions:</h6> H: 22cm; Diameter: 16.5cm",,,taxable,,1,,,0,0,,,,,1,,,75,"Accessories, Decoration",,,"https://livewp.site/wp/md/ewebot/wp-content/uploads/sites/64/2021/03/wine-breather-carafe.jpg, https://livewp.site/wp/md/ewebot/wp-content/uploads/sites/64/2021/03/wine-breather-carafe-1.jpg, https://livewp.site/wp/md/ewebot/wp-content/uploads/sites/64/2021/03/wine-breather-carafe-2.jpg, https://livewp.site/wp/md/ewebot/wp-content/uploads/sites/64/2021/03/wine-breather-carafe-3.jpg, https://livewp.site/wp/md/ewebot/wp-content/uploads/sites/64/2021/03/wine-breather-carafe-4.jpg, https://livewp.site/wp/md/ewebot/wp-content/uploads/sites/64/2021/03/wine-breather-carafe-5.jpg",,,,,,,,,0,,default,default,default,0,1,middle,center,#3b3663,#ffffff,no-repeat,cover,scroll,"center center",215,0,1,0,1,80,default,container,horizontal,0,default,small_h_rect,no,no,,,default,default,d208eddd014a9b7d269eac91cbce22de,2b755c0848781fb08dfb20e373d42080,7b41ccc64c12fc9aab5b951c66f90c88,,[],"{""yith_wcwl_add_to_wishlist"":1}",,,,,,,,,,,,,
8349,variable,,"Umanoff Side Table",1,0,visible,"Maecenas varius id metus eu rutrum. Ut porta eu sapien sed finibus. Vivamus facilisis, diam in mollis finibus, tortor orci egestas sapien, id egestas sapien leo et mi.","Aenean sed auctor metus. Maecenas et luctus neque, quis ullamcorper erat. Vestibulum ante ipsum primis in faucibus orci luctus et ultrices posuere cubilia curae; Mauris posuere purus placerat massa aliquet facilisis. Aliquam aliquet posuere velit, id ultricies enim laoreet ut. Mauris posuere dignissim maximus. Integer a fermentum metus.\n\nCurabitur rutrum quam id erat pulvinar ultricies. Proin sollicitudin facilisis bibendum. Nunc ac magna mauris. Suspendisse et dui pulvinar lacus bibendum placerat ut molestie lacus. Morbi ac ex dolor. Praesent ultrices ligula quis neque mattis cursus. Integer consequat consequat mollis. Vestibulum dignissim tristique semper. Aliquam et lorem vitae felis aliquam vestibulum in in sapien. Etiam dictum justo quis lacus gravida placerat. Ut maximus lacus eu malesuada malesuada. Pellentesque porttitor lectus ullamcorper, mattis nunc bibendum, euismod augue.\n\n<b>Materials:</b>  Glass, Silicone, Stainless Steel, Plastic\n<h6>Dimensions:</h6> H: 22cm; Diameter: 16.5cm",,,taxable,,1,,,0,0,10,91,43,55,1,,,,Furniture,,,"https://livewp.site/wp/md/ewebot/wp-content/uploads/sites/64/2021/03/umanoff-side-table.jpg, https://livewp.site/wp/md/ewebot/wp-content/uploads/sites/64/2021/03/umanoff-side-table-1.jpg, https://livewp.site/wp/md/ewebot/wp-content/uploads/sites/64/2021/03/umanoff-side-table-2.jpg, https://livewp.site/wp/md/ewebot/wp-content/uploads/sites/64/2021/03/umanoff-side-table-3.jpg",,,,,,,,,0,"{""Size"":{""name"":""Size"",""type"":""button"",""terms"":{""45"":{""name"":""45"",""color"":"""",""image"":"""",""show_tooltip"":"""",""tooltip_text"":"""",""tooltip_image"":"""",""image_size"":""""},""60"":{""name"":""60"",""color"":"""",""image"":"""",""show_tooltip"":"""",""tooltip_text"":"""",""tooltip_image"":"""",""image_size"":""""}}}}",default,default,default,0,1,middle,center,#3b3663,#ffffff,no-repeat,cover,scroll,"center center",215,0,1,0,1,80,default,container,horizontal,0,default,small_h_rect,no,no,,,default,default,d208eddd014a9b7d269eac91cbce22de,2b755c0848781fb08dfb20e373d42080,7b41ccc64c12fc9aab5b951c66f90c88,,[],"{""yith_wcwl_add_to_wishlist"":1}",Size,"45, 60",1,1,,,,,,,,,
8364,variation,,"Umanoff Side Table - 45",1,0,visible,,,,,taxable,parent,1,,,0,0,,,,,0,,,759,,,,,,,id:8349,,,,,,1,,,,,,,,,,,,,,,,,,,,,,,,,,,,,,,,,,,,,,,Size,45,,1,,,,,,,,,
8365,variation,,"Umanoff Side Table - 60",1,0,visible,,,,,taxable,parent,1,,,0,0,,,,,0,,,847,,,,,,,id:8349,,,,,,2,,,,,,,,,,,,,,,,,,,,,,,,,,,,,,,,,,,,,,,Size,60,,1,,,,,,,,,
8366,simple,,"Umanoff Planter",1,0,visible,"Pellentesque ut elit ligula. Phasellus ac odio eu enim aliquet laoreet vel et odio. Cras tellus tellus, molestie tempor tellus vitae, aliquam pretium orci. Aenean et lobortis felis ornuty maker sim.","Nulla facilisi. Ut pellentesque gravida semper. Donec in magna metus. In hac habitasse platea dictumst. Proin tincidunt, magna sed laoreet tincidunt, metus dui ultrices est, at imperdiet erat libero ac lacus. Nulla sit amet pellentesque massa. Suspendisse scelerisque ligula semper magna gravida ultricies. Sed lobortis a nibh eu feugiat. Mauris nisl velit, ultricies vitae tincidunt ut, sagittis eu neque. Quisque metus lorem, rutrum nec auctor et, blandit sit amet diam. Nunc eget congue nunc, in eleifend nisl. Sed ut nunc sapien. Class aptent taciti sociosqu ad litora torquent per conubia nostra, per inceptos himenaeos. In posuere elit arcu, a scelerisque est accumsan et. Proin ipsum arcu, auctor ut vulputate vulputate, fermentum accumsan orci. Vivamus vestibulum, eros ac interdum porttitor, neque elit bibendum turpis, eu luctus ipsum est eu nisi.\n\n<H6>Materials:</h6>  Powder Coated Steel, Rattan\n<h6>Dimensions:</h6> H: 27 cm, Ø: 27 cm",,,taxable,,1,,,0,0,3,,,,1,,59,69,"Accessories, Decoration",,,"https://livewp.site/wp/md/ewebot/wp-content/uploads/sites/64/2021/03/umanoff-planter.jpg, https://livewp.site/wp/md/ewebot/wp-content/uploads/sites/64/2021/03/umanoff-planter-1.jpg, https://livewp.site/wp/md/ewebot/wp-content/uploads/sites/64/2021/03/umanoff-planter-2.jpg, https://livewp.site/wp/md/ewebot/wp-content/uploads/sites/64/2021/03/umanoff-planter-3.jpg, https://livewp.site/wp/md/ewebot/wp-content/uploads/sites/64/2021/03/umanoff-planter-4.jpg",,,,,,,,,0,,default,default,default,0,1,middle,center,#3b3663,#ffffff,no-repeat,cover,scroll,"center center",215,0,1,0,1,80,default,container,horizontal,0,default,small_h_rect,no,no,,,default,default,d208eddd014a9b7d269eac91cbce22de,2b755c0848781fb08dfb20e373d42080,7b41ccc64c12fc9aab5b951c66f90c88,,[],"{""yith_wcwl_add_to_wishlist"":1}",,,,,,,,,,,,,
8374,variable,,"Troll Vase",1,0,visible,"Aenean aliquam interdum tortor, ut tincidunt turpis rhoncus vitae. Nulla metus mauris, sodales ac malesuada et, finibus quis leo. Aenean vitae velit neque. Nulla imperdiet ultrices mi. Nulla dapibus libero nec arcu pharetra faucibus.","Vestibulum mattis finibus orci sed accumsan. Vestibulum tempor leo ut neque vestibulum viverra. Vivamus at arcu erat. Donec ultricies congue varius. Cras pharetra congue lorem, ac maximus urna semper id. Duis accumsan efficitur urna, nec feugiat eros iaculis eu. Duis sagittis velit justo, sit amet sodales sem tempus eu. Vivamus mollis nunc vel ligula lacinia, eu dapibus est ullamcorper. Nullam placerat, erat sit amet consequat efficitur, justo neque malesuada enim, non vehicula ipsum enim ac urna.\n\n<H6>Materials:</h6>  Two-layer mouth-blown colored glass\n<h6>Dimensions:</h6> \nSmall: H: 12 cm, Ø: 14 cm\nMedium: H: 19 cm Ø: 13 cm",,,taxable,,1,,,0,0,3,,,,1,,,,"Accessories, Decoration",,,"https://livewp.site/wp/md/ewebot/wp-content/uploads/sites/64/2021/03/troll-vase.jpg, https://livewp.site/wp/md/ewebot/wp-content/uploads/sites/64/2021/03/troll-vase-1.jpg, https://livewp.site/wp/md/ewebot/wp-content/uploads/sites/64/2021/03/troll-vase-2.jpg, https://livewp.site/wp/md/ewebot/wp-content/uploads/sites/64/2021/03/troll-vase-3.jpg, https://livewp.site/wp/md/ewebot/wp-content/uploads/sites/64/2021/03/troll-vase-4.jpg",,,,,,,,,0,"{""Size"":{""name"":""Size"",""type"":""button"",""terms"":{""Medium"":{""name"":""Medium"",""color"":"""",""image"":"""",""show_tooltip"":"""",""tooltip_text"":"""",""tooltip_image"":"""",""image_size"":""""},""Small"":{""name"":""Small"",""color"":"""",""image"":"""",""show_tooltip"":"""",""tooltip_text"":"""",""tooltip_image"":"""",""image_size"":""""}}}}",default,default,default,0,1,middle,center,#3b3663,#ffffff,no-repeat,cover,scroll,"center center",215,0,1,0,1,80,default,container,horizontal,0,default,small_h_rect,no,no,,,default,default,d208eddd014a9b7d269eac91cbce22de,2b755c0848781fb08dfb20e373d42080,7b41ccc64c12fc9aab5b951c66f90c88,,[],"{""yith_wcwl_add_to_wishlist"":1}",Size,"Medium, Small",1,1,,,,,,,,,
8381,variation,,"Troll Vase - Medium",1,0,visible,,,,,taxable,parent,1,,,0,0,,,,,0,,,245,,,,,,,id:8374,,,,,,2,,,,,,,,,,,,,,,,,,,,,,,,,,,,,,,,,,,,,,,Size,Medium,,1,,,,,,,,,
8382,variation,,"Troll Vase - Small",1,0,visible,,,,,taxable,parent,1,,,0,0,,,,,0,,,129,,,,,,,id:8374,,,,,,1,,,,,,,,,,,,,,,,,,,,,,,,,,,,,,,,,,,,,,,Size,Small,,1,,,,,,,,,
8383,simple,,"TR Bulb",1,0,visible,"Fusce eu sapien sapien. Nullam non suscipit augue. Mauris a tempor nulla. Nullam consequat magna quis porttitor venenatis. Integer ac metus mi. Vivamus vel diam nisl.","Vestibulum mattis finibus orci sed accumsan. Vestibulum tempor leo ut neque vestibulum viverra. Vivamus at arcu erat. Donec ultricies congue varius. Cras pharetra congue lorem, ac maximus urna semper id. Duis accumsan efficitur urna, nec feugiat eros iaculis eu. Duis sagittis velit justo, sit amet sodales sem tempus eu. Vivamus mollis nunc vel ligula lacinia, eu dapibus est ullamcorper. Nullam placerat, erat sit amet consequat efficitur, justo neque malesuada enim, non vehicula ipsum enim ac urna.\n\n<H6>Materials:</h6>  \nOpal Glass\nE27 sockets\nInternal LED panel: 220V, 410 Lumens\nRegular TR Bulb: 6W, 2700K\n<h6>Dimensions:</h6> Ø: 20 cm, Dimmable, LED",,,taxable,,1,,,0,0,2.5,,,,1,,,99,Lighting,,,"https://livewp.site/wp/md/ewebot/wp-content/uploads/sites/64/2021/03/tr-bulb.jpg, https://livewp.site/wp/md/ewebot/wp-content/uploads/sites/64/2021/03/tr-bulb-1.jpg, https://livewp.site/wp/md/ewebot/wp-content/uploads/sites/64/2021/03/tr-bulb-2.jpg, https://livewp.site/wp/md/ewebot/wp-content/uploads/sites/64/2021/03/tr-bulb-3.jpg",,,,,,,,,0,,default,default,default,0,1,middle,center,#3b3663,#ffffff,no-repeat,cover,scroll,"center center",215,0,1,0,1,80,default,container,horizontal,0,default,small_h_rect,no,no,,,default,default,d208eddd014a9b7d269eac91cbce22de,2b755c0848781fb08dfb20e373d42080,7b41ccc64c12fc9aab5b951c66f90c88,,[],"{""yith_wcwl_add_to_wishlist"":1}",,,,,,,,,,,,,
8388,variable,,"Studio WM String Lounge Chair",1,0,visible,"Aenean aliquam interdum tortor, ut tincidunt turpis rhoncus vitae. Nulla metus mauris, sodales ac malesuada et, finibus quis leo. Aenean vitae velit neque. Nulla imperdiet ultrices mi. Nulla dapibus libero nec arcu pharetra faucibus.","Maecenas gravida posuere lectus, in mollis massa laoreet in. Mauris auctor tortor ac nulla porta molestie. Donec non velit quis leo commodo egestas nec ac metus. Nam ut auctor risus. Nulla facilisi. Aenean urna odio, viverra sed ullamcorper a, iaculis id arcu. Ut ut pharetra nisl. Maecenas nec sapien nec erat facilisis volutpat.\n\nCurabitur dapibus eleifend quam sed posuere. Nunc luctus elit a justo elementum, sed scelerisque nisl mollis. Nullam non rhoncus turpis. Suspendisse eros est, aliquam non felis eget, feugiat blandit enim. Fusce eu sapien sapien. Nullam non suscipit augue. Mauris a tempor nulla. Nullam consequat magna quis porttitor venenatis. Integer ac metus mi. Vivamus vel diam nisl. Cras volutpat dolor iaculis varius iaculis. Aenean lorem lorem, tincidunt non scelerisque eu, vestibulum vel tellus.\n\nIn eget magna tellus. Nam faucibus scelerisque turpis, a gravida sapien pharetra vitae. Donec sapien nibh, iaculis ornare semper sit amet, laoreet at tortor. Proin porta diam ut velit eleifend, ac ornare arcu ultrices. Nullam felis lacus, tempus at ipsum ac, laoreet pretium eros. Proin sed commodo tellus. Vivamus malesuada sem non sem posuere iaculis. Quisque bibendum massa metus, ut dapibus lacus dictum vitae. Etiam sed malesuada nisi, quis consequat tellus. Etiam accumsan nisi vel purus ornare aliquam. Curabitur ultricies non lacus porttitor sodales. Pellentesque iaculis sapien sit amet ullamcorper laoreet.\n\n<H6>Materials:</h6>  \nPowder-coated Steel Frame\nBlack(RAL9005), White(RAL9016)\n<h6>Dimensions:</h6> \nH:71,5cm, W:66cm, D:53cm, SH:36cm",,,taxable,,1,,,0,0,3,,,,1,,,,Furniture,,,"https://livewp.site/wp/md/ewebot/wp-content/uploads/sites/64/2021/03/studio-wm-string-lounge-chair.jpg, https://livewp.site/wp/md/ewebot/wp-content/uploads/sites/64/2021/03/studio-wm-string-lounge-chair-1.jpg, https://livewp.site/wp/md/ewebot/wp-content/uploads/sites/64/2021/03/studio-wm-string-lounge-chair-2.jpg, https://livewp.site/wp/md/ewebot/wp-content/uploads/sites/64/2021/03/studio-wm-string-lounge-chair-3.jpg, https://livewp.site/wp/md/ewebot/wp-content/uploads/sites/64/2021/03/studio-wm-string-lounge-chair-4.jpg",,,,,,,,,0,"{""Color"":{""name"":""Color"",""type"":""color"",""terms"":{""Black"":{""name"":""Black"",""color"":""#000000"",""image"":"""",""show_tooltip"":"""",""tooltip_text"":"""",""tooltip_image"":"""",""image_size"":""""},""White"":{""name"":""White"",""color"":""#ffffff"",""image"":"""",""show_tooltip"":"""",""tooltip_text"":"""",""tooltip_image"":"""",""image_size"":""""}}}}",default,default,default,0,1,middle,center,#3b3663,#ffffff,no-repeat,cover,scroll,"center center",215,0,1,0,1,80,default,container,horizontal,0,default,small_h_rect,no,no,,,default,default,d208eddd014a9b7d269eac91cbce22de,2b755c0848781fb08dfb20e373d42080,7b41ccc64c12fc9aab5b951c66f90c88,,[],"{""yith_wcwl_add_to_wishlist"":1}",Color,"Black, White",1,1,,,,,,,,,
8392,variation,,"Studio WM String Lounge Chair - White",1,0,visible,,,,,taxable,parent,1,,,0,0,,,,,0,,199,299,,,,https://livewp.site/wp/md/ewebot/wp-content/uploads/sites/64/2021/03/studio-wm-string-lounge-chair-3.jpg,,,id:8388,,,,,,2,,,,,,,,,,,,,,,,,,,,,,,,,,,,,,,,,,,,,,,Color,White,,1,,,,,,,,,
8393,variation,,"Studio WM String Lounge Chair - Black",1,0,visible,,,,,taxable,parent,1,,,0,0,,,,,0,,199,299,,,,https://livewp.site/wp/md/ewebot/wp-content/uploads/sites/64/2021/03/studio-wm-string-lounge-chair.jpg,,,id:8388,,,,,,1,,,,,,,,,,,,,,,,,,,,,,,,,,,,,,,,,,,,,,,Color,Black,,1,,,,,,,,,
8399,variable,,"Passage Stool",1,0,visible,"Aenean aliquam interdum tortor, ut tincidunt turpis rhoncus vitae. Nulla metus mauris, sodales ac malesuada et, finibus quis leo. Aenean vitae velit neque. Nulla imperdiet ultrices mi. Nulla dapibus libero nec arcu pharetra faucibus.","Maecenas gravida posuere lectus, in mollis massa laoreet in. Mauris auctor tortor ac nulla porta molestie. Donec non velit quis leo commodo egestas nec ac metus. Nam ut auctor risus. Nulla facilisi. Aenean urna odio, viverra sed ullamcorper a, iaculis id arcu. Ut ut pharetra nisl. Maecenas nec sapien nec erat facilisis volutpat.\n\nCurabitur dapibus eleifend quam sed posuere. Nunc luctus elit a justo elementum, sed scelerisque nisl mollis. Nullam non rhoncus turpis. Suspendisse eros est, aliquam non felis eget, feugiat blandit enim. Fusce eu sapien sapien. Nullam non suscipit augue. Mauris a tempor nulla. Nullam consequat magna quis porttitor venenatis. Integer ac metus mi. Vivamus vel diam nisl. Cras volutpat dolor iaculis varius iaculis. Aenean lorem lorem, tincidunt non scelerisque eu, vestibulum vel tellus.\n\nIn eget magna tellus. Nam faucibus scelerisque turpis, a gravida sapien pharetra vitae. Donec sapien nibh, iaculis ornare semper sit amet, laoreet at tortor. Proin porta diam ut velit eleifend, ac ornare arcu ultrices. Nullam felis lacus, tempus at ipsum ac, laoreet pretium eros. Proin sed commodo tellus. Vivamus malesuada sem non sem posuere iaculis. Quisque bibendum massa metus, ut dapibus lacus dictum vitae. Etiam sed malesuada nisi, quis consequat tellus. Etiam accumsan nisi vel purus ornare aliquam. Curabitur ultricies non lacus porttitor sodales. Pellentesque iaculis sapien sit amet ullamcorper laoreet.\n\n<H6>Materials:</h6>  \nPowder-coated Steel Frame\nBlack(RAL9005), White(RAL9016)\n<h6>Dimensions:</h6> \nH:71,5cm, W:66cm, D:53cm, SH:36cm",,,taxable,,1,,,0,0,2,,,,1,,,,Furniture,,,"https://livewp.site/wp/md/ewebot/wp-content/uploads/sites/64/2021/03/passage-stool.jpg, https://livewp.site/wp/md/ewebot/wp-content/uploads/sites/64/2021/03/passage-stool-1.jpg, https://livewp.site/wp/md/ewebot/wp-content/uploads/sites/64/2021/03/passage-stool-2.jpg, https://livewp.site/wp/md/ewebot/wp-content/uploads/sites/64/2021/03/passage-stool-3.jpg, https://livewp.site/wp/md/ewebot/wp-content/uploads/sites/64/2021/03/passage-stool-4.jpg",,,,,,,,,0,"{""Color"":{""name"":""Color"",""type"":""color"",""terms"":{""Dark Oak"":{""name"":""Dark Oak"",""color"":""#504c4b"",""image"":"""",""show_tooltip"":"""",""tooltip_text"":"""",""tooltip_image"":"""",""image_size"":""""},""Natural Oak"":{""name"":""Natural Oak"",""color"":""#c5a283"",""image"":"""",""show_tooltip"":"""",""tooltip_text"":"""",""tooltip_image"":"""",""image_size"":""""}}}}",default,default,default,0,1,middle,center,#3b3663,#ffffff,no-repeat,cover,scroll,"center center",215,0,1,0,1,80,default,container,horizontal,0,default,small_h_rect,no,no,,,default,default,d208eddd014a9b7d269eac91cbce22de,2b755c0848781fb08dfb20e373d42080,7b41ccc64c12fc9aab5b951c66f90c88,,[],"{""yith_wcwl_add_to_wishlist"":1}",Color,"Dark Oak, Natural Oak",1,1,"Natural Oak",,,,,,,,
8407,variation,,"Passage Stool - Dark Oak",1,0,visible,,,,,taxable,parent,1,,,0,0,,,,,0,,,159,,,,https://livewp.site/wp/md/ewebot/wp-content/uploads/sites/64/2021/03/passage-stool-3.jpg,,,id:8399,,,,,,2,,,,,,,,,,,,,,,,,,,,,,,,,,,,,,,,,,,,,,,Color,"Dark Oak",,1,,,,,,,,,
8408,variation,,"Passage Stool - Natural Oak",1,0,visible,,,,,taxable,parent,1,,,0,0,,,,,0,,,159,,,,https://livewp.site/wp/md/ewebot/wp-content/uploads/sites/64/2021/03/passage-stool.jpg,,,id:8399,,,,,,1,,,,,,,,,,,,,,,,,,,,,,,,,,,,,,,,,,,,,,,Color,"Natural Oak",,1,,,,,,,,,
8409,simple,,"Nimbus Mirror",1,0,visible,"Nulla congue dui ante, quis feugiat urna dapibus sit amet. Donec id iaculis dolor. Nullam efficitur mattis gravida. Nam vehicula rutrum hendrerit. ","Pellentesque ut elit ligula. Phasellus ac odio eu enim aliquet laoreet vel et odio. Cras tellus tellus, molestie tempor tellus vitae, aliquam pretium orci. Aenean et lobortis felis. Mauris venenatis ligula leo, non porta ante maximus mollis. Sed sagittis neque nisl. Sed eros augue, vehicula vitae ex euismod, tempus pellentesque leo. In quis mollis mauris.\n\nQuisque sagittis, felis non pretium viverra, orci urna vestibulum lacus, a vestibulum enim velit ac ex. Nam a arcu tortor. Curabitur nec risus vestibulum, finibus justo in, egestas massa. Suspendisse laoreet lectus lorem, sed venenatis elit tempor sed. Nunc ut laoreet eros. Integer eu mauris vitae justo maximus pellentesque eu eget risus. Vestibulum ligula nunc, blandit varius auctor at, convallis ut elit. Pellentesque cursus lacus eget neque interdum porttitor.\n\n<H6>Materials:</h6>  \nPolished Brass with Lacquer or Bronzed Brass\nMirror\nPainted MDF\nFelt\n<h6>Dimensions:</h6>Ø: 110 cm, D: 2,2 cm",,,taxable,,1,,,0,0,1.7,,,,1,,799,999,Accessories,,,"https://livewp.site/wp/md/ewebot/wp-content/uploads/sites/64/2021/03/nimbus-mirror.jpg, https://livewp.site/wp/md/ewebot/wp-content/uploads/sites/64/2021/03/nimbus-mirror-2.jpg, https://livewp.site/wp/md/ewebot/wp-content/uploads/sites/64/2021/03/nimbus-mirror-3.jpg, https://livewp.site/wp/md/ewebot/wp-content/uploads/sites/64/2021/03/nimbus-mirror-4.jpg",,,,,,,,,0,,default,default,default,0,1,middle,center,#3b3663,#ffffff,no-repeat,cover,scroll,"center center",215,0,1,0,1,80,default,container,horizontal,0,default,small_h_rect,no,no,,,default,default,d208eddd014a9b7d269eac91cbce22de,2b755c0848781fb08dfb20e373d42080,7b41ccc64c12fc9aab5b951c66f90c88,,[],"{""yith_wcwl_add_to_wishlist"":1}",,,,,,,,,,,,,
8416,variable,,"Echasse Bowl",1,0,visible,"Sed non lorem rhoncus, tempus sapien a, vestibulum leo. Praesent et elementum eros, sit amet gravida lacus. Maecenas tempor, nunc at vehicula maximus. Donec pharetra, mi id sodales ornare, eros leo congue urna.","Curabitur dapibus eleifend quam sed posuere. Nunc luctus elit a justo elementum, sed scelerisque nisl mollis. Nullam non rhoncus turpis. Suspendisse eros est, aliquam non felis eget, feugiat blandit enim. Fusce eu sapien sapien. Nullam non suscipit augue. Mauris a tempor nulla. Nullam consequat magna quis porttitor venenatis. Integer ac metus mi. Vivamus vel diam nisl. Cras volutpat dolor iaculis varius iaculis. Aenean lorem lorem, tincidunt non scelerisque eu, vestibulum vel tellus.\n\nIn eget magna tellus. Nam faucibus scelerisque turpis, a gravida sapien pharetra vitae. Donec sapien nibh, iaculis ornare semper sit amet, laoreet at tortor. Proin porta diam ut velit eleifend, ac ornare arcu ultrices. Nullam felis lacus, tempus at ipsum ac, laoreet pretium eros. Proin sed commodo tellus. Vivamus malesuada sem non sem posuere iaculis. Quisque bibendum massa metus, ut dapibus lacus dictum vitae. Etiam sed malesuada nisi, quis consequat tellus. Etiam accumsan nisi vel purus ornare aliquam. Curabitur ultricies non lacus porttitor sodales. Pellentesque iaculis sapien sit amet ullamcorper laoreet.\n\n<h6>Materials:</h6>\nSmoked o Amber Glass\nSolid Brushed or Bronzed Brass \n<h6>Dimensions:</h6>\nMedium: H: 12 cm Ø: 18 cm\nLarge: H: 14 cm, Ø: 29,5 cm\n",,,taxable,,1,,,0,0,3,,,,1,,,,Accessories,,,"https://livewp.site/wp/md/ewebot/wp-content/uploads/sites/64/2021/03/echasse-bowl.jpg, https://livewp.site/wp/md/ewebot/wp-content/uploads/sites/64/2021/03/echasse-bowl-1.jpg, https://livewp.site/wp/md/ewebot/wp-content/uploads/sites/64/2021/03/echasse-bowl-2.jpg, https://livewp.site/wp/md/ewebot/wp-content/uploads/sites/64/2021/03/echasse-bowl-3.jpg",,,,,,,,,0,"{""Size"":{""name"":""Size"",""type"":""button"",""terms"":{""Large"":{""name"":""Large"",""color"":"""",""image"":"""",""show_tooltip"":"""",""tooltip_text"":"""",""tooltip_image"":"""",""image_size"":""""},""Medium"":{""name"":""Medium"",""color"":"""",""image"":"""",""show_tooltip"":"""",""tooltip_text"":"""",""tooltip_image"":"""",""image_size"":""""}}}}",default,default,default,0,1,middle,center,#3b3663,#ffffff,no-repeat,cover,scroll,"center center",215,0,1,0,1,80,default,container,horizontal,0,default,small_h_rect,no,yes,,,default,default,d208eddd014a9b7d269eac91cbce22de,2b755c0848781fb08dfb20e373d42080,7b41ccc64c12fc9aab5b951c66f90c88,,[],"{""yith_wcwl_add_to_wishlist"":1}",Size,"Large, Medium",1,1,,,,,,,,,
8417,variation,,"Echasse Bowl - Large",1,0,visible,,,,,taxable,parent,1,,,0,0,,,,,0,,,450,,,,https://livewp.site/wp/md/ewebot/wp-content/uploads/sites/64/2021/03/echasse-bowl-2.jpg,,,id:8416,,,,,,1,,,,,,,,,,,,,,,,,,,,,,,,,,,,,,,,,,,,,,,Size,Large,,1,,,,,,,,,
8418,variation,,"Echasse Bowl - Medium",1,0,visible,,,,,taxable,parent,1,,,0,0,,,,,0,,,379,,,,https://livewp.site/wp/md/ewebot/wp-content/uploads/sites/64/2021/03/echasse-bowl.jpg,,,id:8416,,,,,,2,,,,,,,,,,,,,,,,,,,,,,,,,,,,,,,,,,,,,,,Size,Medium,,1,,,,,,,,,
8424,variable,,"Co Lounge Chair",1,0,visible,"Etiam vitae tortor auctor, tempus mauris ut, sagittis est. Vivamus eget mauris quis nisl semper maximus nec non neque. Integer vel odio a risus commodo feugiat id ac arcu. Aliquam euismod, eros quis euismod consectetur.","Sed non lorem rhoncus, tempus sapien a, vestibulum leo. Praesent et elementum eros, sit amet gravida lacus. Maecenas tempor, nunc at vehicula maximus, mi orci luctus justo, non congue sapien magna egestas tortor. Donec pharetra, mi id sodales ornare, eros leo congue urna, vitae tincidunt est ex quis arcu. Sed consectetur ultricies tincidunt. Mauris accumsan placerat mi quis rutrum. Integer eu tempor orci. Maecenas pulvinar erat quis erat fermentum aliquet. Vestibulum elementum feugiat dolor id scelerisque.\n\n<strong>Co Lounge Chair</strong> - arcu eget nibh interdum mattis. Pellentesque fermentum sem et lacus hendrerit luctus. Morbi eget pharetra ligula. Maecenas sit amet pharetra ante. Donec posuere euismod turpis a auctor.\n\n\n<h6>Materials:</h6>  \nSeat & Back - Form-pressed Beech & Oak Veneer, Upholstery, Foam filling\nFrame - Powder-coated Welded Steel\n<h6>Dimensions:</h6> \nH: 71cm, W: 54,5cm, D: 69cm, SH: 38cm",,,taxable,,1,,,0,0,3,,,,1,,,,Furniture,,,"https://livewp.site/wp/md/ewebot/wp-content/uploads/sites/64/2021/03/co-lounge-chair.jpg, https://livewp.site/wp/md/ewebot/wp-content/uploads/sites/64/2021/03/co-lounge-chair-0.jpg, https://livewp.site/wp/md/ewebot/wp-content/uploads/sites/64/2021/03/co-lounge-chair-3.jpg, https://livewp.site/wp/md/ewebot/wp-content/uploads/sites/64/2021/03/co-lounge-chair-1.jpg, https://livewp.site/wp/md/ewebot/wp-content/uploads/sites/64/2021/03/co-lounge-chair-2.jpg",,,,,,,,,0,"{""Color"":{""name"":""Color"",""type"":""color"",""terms"":{""Black"":{""name"":""Black"",""color"":""#000000"",""image"":"""",""show_tooltip"":"""",""tooltip_text"":"""",""tooltip_image"":"""",""image_size"":""""},""Brown"":{""name"":""Brown"",""color"":""#9d6a40"",""image"":"""",""show_tooltip"":"""",""tooltip_text"":"""",""tooltip_image"":"""",""image_size"":""""}}}}",default,default,default,0,1,middle,center,#3b3663,#ffffff,no-repeat,cover,scroll,"center center",215,0,1,0,1,80,default,container,horizontal,0,default,small_h_rect,no,no,,,default,default,d208eddd014a9b7d269eac91cbce22de,2b755c0848781fb08dfb20e373d42080,7b41ccc64c12fc9aab5b951c66f90c88,,[],"{""yith_wcwl_add_to_wishlist"":1}",Color,"Black, Brown",1,1,,,,,,,,,
8432,variation,,"Co Lounge Chair - Brown",1,0,visible,,,,,taxable,parent,1,,,0,0,,,,,0,,,899,,,,https://livewp.site/wp/md/ewebot/wp-content/uploads/sites/64/2021/03/co-lounge-chair.jpg,,,id:8424,,,,,,2,,,,,,,,,,,,,,,,,,,,,,,,,,,,,,,,,,,,,,,Color,Brown,,1,,,,,,,,,
8433,variation,,"Co Lounge Chair - Black",1,0,visible,,,,,taxable,parent,1,,,0,0,,,,,0,,,899,,,,https://livewp.site/wp/md/ewebot/wp-content/uploads/sites/64/2021/03/co-lounge-chair-1.jpg,,,id:8424,,,,,,2,,,,,,,,,,,,,,,,,,,,,,,,,,,,,,,,,,,,,,,Color,Black,,1,,,,,,,,,
8435,variable,,"Bath Pedal Bin",1,0,visible,"Curabitur dapibus eleifend quam sed posuere. Nunc luctus elit a justo elementum, sed scelerisque nisl mollis. Nullam non rhoncus turpis. Suspendisse eros est, aliquam non felis eget, feugiat blandit enim. ","Curabitur dapibus eleifend quam sed posuere. Nunc luctus elit a justo elementum, sed scelerisque nisl mollis. Nullam non rhoncus turpis. Suspendisse eros est, aliquam non felis eget, feugiat blandit enim. Fusce eu sapien sapien. Nullam non suscipit augue. Mauris a tempor nulla. Nullam consequat magna quis porttitor venenatis. Integer ac metus mi. Vivamus vel diam nisl. Cras volutpat dolor iaculis varius iaculis. Aenean lorem lorem, tincidunt non scelerisque eu, vestibulum vel tellus.\n\nIn eget magna tellus. Nam faucibus scelerisque turpis, a gravida sapien pharetra vitae. Donec sapien nibh, iaculis ornare semper sit amet, laoreet at tortor. Proin porta diam ut velit eleifend, ac ornare arcu ultrices. Nullam felis lacus, tempus at ipsum ac, laoreet pretium eros. Proin sed commodo tellus. Vivamus malesuada sem non sem posuere iaculis. Quisque bibendum massa metus, ut dapibus lacus dictum vitae. Etiam sed malesuada nisi, quis consequat tellus. Etiam accumsan nisi vel purus ornare aliquam. Curabitur ultricies non lacus porttitor sodales. Pellentesque iaculis sapien sit amet ullamcorper laoreet.\n\n<h6>Materials:</h6>  \nStainless Steel\nPowder Coated Steel\nPlastic\nSilicone\n<h6>Dimensions:</h6> \n4 liter: H: 31 cm, Ø: 23,5 cm\n7 liter: H: 39 cm, Ø: 23,5 cm\n11 liter: H: 46 cm, Ø: 27,0 cm\n20 liter: H: 63 cm, Ø: 30,5 cm\n30 liter: H: 68,5 cm, Ø: 33,5 cm",,,taxable,,1,,,0,0,1.2,,,,1,,,,"Accessories, Decoration",,,"https://livewp.site/wp/md/ewebot/wp-content/uploads/sites/64/2021/03/bath-pedal-bin.jpg, https://livewp.site/wp/md/ewebot/wp-content/uploads/sites/64/2021/03/bath-pedal-bin-1.jpg, https://livewp.site/wp/md/ewebot/wp-content/uploads/sites/64/2021/03/bath-pedal-bin-2.jpg, https://livewp.site/wp/md/ewebot/wp-content/uploads/sites/64/2021/03/bath-pedal-bin-3.jpg",,,,,,,,,0,"{""Color"":{""name"":""Color"",""type"":""color"",""terms"":{""Black"":{""name"":""Black"",""color"":""#000000"",""image"":"""",""show_tooltip"":"""",""tooltip_text"":"""",""tooltip_image"":"""",""image_size"":""""},""White"":{""name"":""White"",""color"":""#ffffff"",""image"":"""",""show_tooltip"":"""",""tooltip_text"":"""",""tooltip_image"":"""",""image_size"":""""}}}}",default,default,default,0,1,middle,center,#3b3663,#ffffff,no-repeat,cover,scroll,"center center",215,0,1,0,1,80,default,container,horizontal,0,default,small_h_rect,no,yes,,,default,default,d208eddd014a9b7d269eac91cbce22de,2b755c0848781fb08dfb20e373d42080,7b41ccc64c12fc9aab5b951c66f90c88,,[],"{""yith_wcwl_add_to_wishlist"":1}",Color,"Black, White",1,1,,,,,,,,,
8436,variation,,"Bath Pedal Bin - Black",1,0,visible,,,,,taxable,parent,1,,,0,0,,,,,0,,,199,,,,https://livewp.site/wp/md/ewebot/wp-content/uploads/sites/64/2021/03/bath-pedal-bin.jpg,,,id:8435,,,,,,1,,,,,,,,,,,,,,,,,,,,,,,,,,,,,,,,,,,,,,,Color,Black,,1,,,,,,,,,
8437,variation,,"Bath Pedal Bin - White",1,0,visible,,,,,taxable,parent,1,,,0,0,,,,,0,,,199,,,,https://livewp.site/wp/md/ewebot/wp-content/uploads/sites/64/2021/03/bath-pedal-bin-2.jpg,,,id:8435,,,,,,2,,,,,,,,,,,,,,,,,,,,,,,,,,,,,,,,,,,,,,,Color,White,,1,,,,,,,,,
8442,simple,,"Afteroom Plus Chair",1,0,visible,"Proin consequat eros a aliquet sollicitudin. Fusce cursus tortor in consequat convallis. Proin ac euismod felis. Duis consectetur felis quis tincidunt tempus. Morbi sodales tincidunt maximus. Nullam at faucibus libero.","Duis tincidunt at enim nec luctus. Nunc ut felis neque. Pellentesque habitant morbi tristique senectus et netus et malesuada fames ac turpis egestas. Phasellus non dolor sed velit vulputate tristique sed quis turpis. Sed tempus dui nec tincidunt bibendum. Phasellus erat nisl, ultrices at tortor ac, posuere elementum eros. Nulla pellentesque lectus in dolor dapibus lacinia. Integer consectetur vel enim eget ultricies. Aliquam a odio sit amet justo dignissim dignissim at sit amet nulla. Duis a pretium felis. Vestibulum at ligula eu eros tristique maximus et in nulla. Pellentesque tincidunt lobortis porta. Ut aliquam purus sodales, elementum ex dignissim, placerat est. Vestibulum elementum ex eu neque pretium, in faucibus sapien egestas. Sed vel urna eget neque semper viverra.\n\n<h6>Materials:</h6>  \nPowder-Coated Welded Steel, Walnut Veneer or Oak, Choice of Upholstery or Leather\n\n<h6>Dimensions:</h6>\nDining Chair: 31.5""H x 17.9""W x 20.1""L, Weight: 8.3 lbs\nWeight Capacity: Tested up to 360 lbs (EN 1728:2012, 6.4)",,,taxable,,1,,,0,0,2.5,,,,1,,399,499,Furniture,,,"https://livewp.site/wp/md/ewebot/wp-content/uploads/sites/64/2021/03/afteroom-plus-chair.jpg, https://livewp.site/wp/md/ewebot/wp-content/uploads/sites/64/2021/03/afteroom-plus-chair-1.jpg, https://livewp.site/wp/md/ewebot/wp-content/uploads/sites/64/2021/03/afteroom-plus-chair-2.jpg",,,,,,,,,0,,default,default,default,0,1,middle,center,#3b3663,#ffffff,no-repeat,cover,scroll,"center center",215,0,1,0,1,80,default,container,horizontal,0,default,small_h_rect,no,yes,,,default,default,d208eddd014a9b7d269eac91cbce22de,2b755c0848781fb08dfb20e373d42080,7b41ccc64c12fc9aab5b951c66f90c88,,[],"{""yith_wcwl_add_to_wishlist"":1}",,,,,,,,,,,,,
8447,simple,,"Pop Stool",1,0,visible,"Sed facilisis vestibulum magna, vel feugiat felis auctor non. Duis lacus libero, imperdiet at turpis imperdiet, varius lacinia neque. Sed placerat lobortis odio, sed vehicula turpis. ","Ut id turpis quis metus tincidunt auctor et ut mi. Ut molestie suscipit massa, id pharetra felis fermentum non. Nulla finibus sapien fringilla libero ullamcorper porttitor. Sed sagittis eros ipsum, sit amet eleifend libero tristique iaculis. Nulla auctor consequat nulla. Curabitur placerat consequat lacus, mattis consectetur ligula dignissim ac. Proin at condimentum sapien. Donec tempus ex tellus, iaculis viverra mi sollicitudin a. Aenean vehicula eros eu placerat egestas.\n\nNulla eu laoreet arcu. Nam pulvinar semper odio, et auctor urna porttitor ac. Nulla facilisi. Lorem ipsum dolor sit amet, consectetur adipiscing elit. Maecenas porta lobortis ullamcorper. Suspendisse a metus velit. Nam at tempus justo, luctus gravida arcu. Nullam bibendum lobortis gravida. Vestibulum malesuada sit amet quam vitae dignissim.\n\n<h6>Materials:</h6>  \nCherry and wenge, walnut and wenge, poplar and wenge.\n\n<h6>Dimensions:</h6>\n(inches) 18 H x 14 W x 14 L",,,taxable,,1,,,0,0,10,,,,1,,,756,Furniture,,,"https://livewp.site/wp/md/ewebot/wp-content/uploads/sites/64/2021/03/pop-stool.jpg, https://livewp.site/wp/md/ewebot/wp-content/uploads/sites/64/2021/03/pop-stool-1.jpg",,,,,,,,,0,,default,default,default,0,1,middle,center,#3b3663,#ffffff,no-repeat,cover,scroll,"center center",215,0,1,0,1,80,default,container,horizontal,0,default,small_h_rect,no,no,,,default,default,d208eddd014a9b7d269eac91cbce22de,2b755c0848781fb08dfb20e373d42080,7b41ccc64c12fc9aab5b951c66f90c88,,[],"{""yith_wcwl_add_to_wishlist"":1}",,,,,,,,,,,,,
8451,variable,,"Turn Stool With Felt",1,0,visible,"Proin consequat eros a aliquet sollicitudin. Fusce cursus tortor in consequat convallis. Proin ac euismod felis. Duis consectetur felis quis tincidunt tempus. ","Duis interdum varius varius. Sed ac ultricies magna. Etiam imperdiet enim vitae nisi aliquam fringilla. Donec laoreet, urna vulputate vulputate ultrices, elit est porta ipsum, et ornare arcu metus eu nibh. Nam placerat ligula in tortor elementum pellentesque. Ut consequat augue venenatis sapien volutpat consectetur quis ut nibh. Suspendisse metus sapien, lacinia eu lectus sit amet, consequat mollis felis. Mauris convallis augue quis semper venenatis. Vivamus imperdiet leo at neque efficitur, id faucibus arcu eleifend. Vivamus in massa bibendum, aliquet est quis, ornare lacus.\n\n<h6>Materials:</h6>  \nSolid, turned Acacia wood\nFelt top: 100% felted wool | 30,000 Double Rubs\n\n<h6>Dimensions:</h6>\n<img src=""https://livewp.site/wp/md/ewebot/wp-content/uploads/sites/64/2021/03/turn-stool-with-felt-dimension.jpg"" alt="""" width=""800"" height=""874"" class=""alignnone size-full wp-image-8461"" />",,,taxable,,1,,,0,0,12,,,,1,,,,Furniture,,,"https://livewp.site/wp/md/ewebot/wp-content/uploads/sites/64/2021/03/turn-stool-with-felt.jpg, https://livewp.site/wp/md/ewebot/wp-content/uploads/sites/64/2021/03/turn-stool-with-felt-1.jpg",,,,,,,,,0,"{""Color"":{""name"":""Color"",""type"":""color"",""terms"":{""Black"":{""name"":""Black"",""color"":""#000000"",""image"":"""",""show_tooltip"":"""",""tooltip_text"":"""",""tooltip_image"":"""",""image_size"":""""},""Cherry"":{""name"":""Cherry"",""color"":""#ae1814"",""image"":"""",""show_tooltip"":"""",""tooltip_text"":"""",""tooltip_image"":"""",""image_size"":""""},""Grey"":{""name"":""Grey"",""color"":""#697372"",""image"":"""",""show_tooltip"":"""",""tooltip_text"":"""",""tooltip_image"":"""",""image_size"":""""},""Olive"":{""name"":""Olive"",""color"":""#808000"",""image"":"""",""show_tooltip"":"""",""tooltip_text"":"""",""tooltip_image"":"""",""image_size"":""""}}}}",default,default,default,0,1,middle,center,#3b3663,#ffffff,no-repeat,cover,scroll,"center center",215,0,1,0,1,80,default,container,horizontal,0,default,small_h_rect,no,no,,,default,default,d208eddd014a9b7d269eac91cbce22de,2b755c0848781fb08dfb20e373d42080,7b41ccc64c12fc9aab5b951c66f90c88,,[],"{""yith_wcwl_add_to_wishlist"":1}",Color,"Black, Cherry, Grey, Olive",1,1,,,,,,,,,
8456,variation,,"Turn Stool With Felt - Black",1,0,visible,,,,,taxable,parent,1,,,0,0,,,,,0,,,399,,,,,,,id:8451,,,,,,1,,,,,,,,,,,,,,,,,,,,,,,,,,,,,,,,,,,,,,,Color,Black,,1,,,,,,,,,
8457,variation,,"Turn Stool With Felt - Cherry",1,0,visible,,,,,taxable,parent,1,,,0,0,,,,,0,,,399,,,,,,,id:8451,,,,,,2,,,,,,,,,,,,,,,,,,,,,,,,,,,,,,,,,,,,,,,Color,Cherry,,1,,,,,,,,,
8458,variation,,"Turn Stool With Felt - Grey",1,0,visible,,,,,taxable,parent,1,,,0,0,,,,,0,,,399,,,,https://livewp.site/wp/md/ewebot/wp-content/uploads/sites/64/2021/03/turn-stool-with-felt-1.jpg,,,id:8451,,,,,,3,,,,,,,,,,,,,,,,,,,,,,,,,,,,,,,,,,,,,,,Color,Grey,,1,,,,,,,,,
8459,variation,,"Turn Stool With Felt - Olive",1,0,visible,,,,,taxable,parent,1,,,0,0,,,,,0,,,399,,,,,,,id:8451,,,,,,4,,,,,,,,,,,,,,,,,,,,,,,,,,,,,,,,,,,,,,,Color,Olive,,1,,,,,,,,,
8463,simple,,"Tone Wall Clock",1,0,visible,"Vivamus ut erat ut est finibus suscipit. Sed pulvinar tellus sed porta eleifend. Praesent ac metus id odio tristique egestas. Suspendisse ut fringilla urna. Vestibulum ultrices ipsum lacus, non blandit quam consequat eu. Suspendisse lobortis in elit eget dignissim. ","Donec elementum eros non erat pharetra dignissim. Vestibulum imperdiet, ante in egestas condimentum, purus eros porttitor massa, id sollicitudin leo mi quis est. Maecenas in gravida nulla, in rhoncus lectus. Phasellus eu dignissim libero. Integer scelerisque elementum arcu, nec tristique orci egestas ullamcorper. \n\nNulla facilisi. Lorem ipsum dolor sit amet, consectetur adipiscing elit. Maecenas porta lobortis ullamcorper. Suspendisse a metus velit. Nam at tempus justo, luctus gravida arcu. Nullam bibendum lobortis gravida. Vestibulum malesuada sit amet quam vitae dignissim.\n\n<h6>Materials:</h6>  \nCoated stainless steel frame, glass, ABS back\n\n<h6>Dimensions:</h6>\nØ 35cm – d: 6,2cm/ Ø 13,8"" d: 2.44""",,,taxable,,1,,,0,0,10,,,,1,,199,299,Accessories,,,"https://livewp.site/wp/md/ewebot/wp-content/uploads/sites/64/2021/03/tone-wall-clock.jpg, https://livewp.site/wp/md/ewebot/wp-content/uploads/sites/64/2021/03/tone-wall-clock-1.jpg",,,,,,,,,0,,default,default,default,0,1,middle,center,#3b3663,#ffffff,no-repeat,cover,scroll,"center center",215,0,1,0,1,80,default,container,horizontal,0,default,small_h_rect,no,no,,,default,default,d208eddd014a9b7d269eac91cbce22de,2b755c0848781fb08dfb20e373d42080,7b41ccc64c12fc9aab5b951c66f90c88,,[],"{""yith_wcwl_add_to_wishlist"":1}",,,,,,,,,,,,,
8466,simple,,"Beat Fat Pendant Black",1,0,visible,"Suspendisse non elementum tellus, sit amet malesuada purus. Maecenas sagittis eros eget auctor convallis. Praesent at nisi laoreet, convallis purus in, luctus dui. Nullam dignissim convallis lacinia. Nunc pulvinar eleifend finibus. Curabitur id malesuada lorem. ","Phasellus nec metus eu sapien semper egestas vitae a dui. Nunc nec ultricies lacus, eu accumsan tortor. Proin tempus porta libero, ac ullamcorper sem varius quis. Pellentesque pulvinar mollis lorem at porttitor. Etiam sodales, lectus sit amet fermentum ullamcorper, ligula tellus bibendum tortor, non pretium erat erat nec nisl. Etiam quis urna id nibh feugiat lobortis. Donec nec justo cursus, lobortis diam vel, viverra leo. Nullam ut elit tellus. Nullam aliquam sollicitudin ex vel ullamcorper. Pellentesque et lectus id erat aliquam scelerisque in ut augue. Fusce at dapibus sapien.\n\n<h6>Materials:</h6>  \nBrass, Metal\n\n<h6>Dimensions:</h6>\n60 cm w x 20 cm h",,,taxable,,1,,,0,0,1.5,,,,1,,,729,Lighting,,,"https://livewp.site/wp/md/ewebot/wp-content/uploads/sites/64/2021/03/beat-fat-pendant-black.jpg, https://livewp.site/wp/md/ewebot/wp-content/uploads/sites/64/2021/03/beat-fat-pendant-black-1.jpg, https://livewp.site/wp/md/ewebot/wp-content/uploads/sites/64/2021/03/beat-fat-pendant-black-2.jpg",,,,,,,,,0,,default,default,default,0,1,middle,center,#3b3663,#ffffff,no-repeat,cover,scroll,"center center",215,0,1,0,1,80,default,container,horizontal,0,default,small_h_rect,no,no,,,default,default,d208eddd014a9b7d269eac91cbce22de,2b755c0848781fb08dfb20e373d42080,7b41ccc64c12fc9aab5b951c66f90c88,,[],"{""yith_wcwl_add_to_wishlist"":1}",,,,,,,,,,,,,
8471,simple,,"Copenhagen AD Floor Lamp",1,0,visible,"Nulla eu laoreet arcu. Nam pulvinar semper odio, et auctor urna porttitor ac. Nulla facilisi. Lorem ipsum dolor sit amet, consectetur adipiscing elit. Maecenas porta lobortis ullamcorper. Suspendisse a metus velit. ","The most popular type of AD adorns the cult-style extravaganzas in which trapezoidal forms are displayed. AD is equipped with two conical fittings from lithium alloys. The fittings have a unique conical shape, which can easily enhance the appearance of the sweatshirt and make it a distinctive finish. Sculptural construction made of plastic geometry, which gives the optical illusion of both the sweatshirt and the mass.\n\n<h6>Materials:</h6>  \nMetal\n\n<h6>Dimensions:</h6>\nHeight	62 cm\nWidth	60 cm\nDepth	20 cm\n",,,taxable,,1,,,0,0,1.5,,,,1,,455,570,Lighting,,,"https://livewp.site/wp/md/ewebot/wp-content/uploads/sites/64/2021/03/copenhagen-ad-floor-lamp.jpg, https://livewp.site/wp/md/ewebot/wp-content/uploads/sites/64/2021/03/copenhagen-ad-floor-lamp-1.jpg",,,,,,,,,0,,default,default,default,0,1,middle,center,#3b3663,#ffffff,no-repeat,cover,scroll,"center center",215,0,1,0,1,80,default,container,horizontal,0,default,small_h_rect,no,no,,,default,default,d208eddd014a9b7d269eac91cbce22de,2b755c0848781fb08dfb20e373d42080,7b41ccc64c12fc9aab5b951c66f90c88,,[],"{""yith_wcwl_add_to_wishlist"":1}",,,,,,,,,,,,,
8475,simple,,"Modway Nutshell Lounge Chair",1,0,visible,"Nulla eu laoreet arcu. Nam pulvinar semper odio, et auctor urna porttitor ac. Nulla facilisi. Lorem ipsum dolor sit amet, consectetur adipiscing elit. Maecenas porta lobortis ullamcorper. Suspendisse a metus velit. ","The most popular type of AD adorns the cult-style extravaganzas in which trapezoidal forms are displayed. AD is equipped with two conical fittings from lithium alloys. The fittings have a unique conical shape, which can easily enhance the appearance of the sweatshirt and make it a distinctive finish. Sculptural construction made of plastic geometry, which gives the optical illusion of both the sweatshirt and the mass.\n\n<h6>Materials:</h6>  \nMetal\n\n<h6>Dimensions:</h6>\nHeight	62 cm\nWidth	60 cm\nDepth	20 cm\n",,,taxable,,1,,,0,0,1.5,,,,1,,,570,Furniture,,,"https://livewp.site/wp/md/ewebot/wp-content/uploads/sites/64/2021/03/modway-nutshell-lounge-chair.jpg, https://livewp.site/wp/md/ewebot/wp-content/uploads/sites/64/2021/03/modway-nutshell-lounge-chair-1.jpg, https://livewp.site/wp/md/ewebot/wp-content/uploads/sites/64/2021/03/modway-nutshell-lounge-chair-2.jpg",,,,,,,,,0,,default,default,default,0,1,middle,center,#3b3663,#ffffff,no-repeat,cover,scroll,"center center",215,0,1,0,1,80,default,container,horizontal,0,default,small_h_rect,no,yes,,,default,default,d208eddd014a9b7d269eac91cbce22de,2b755c0848781fb08dfb20e373d42080,7b41ccc64c12fc9aab5b951c66f90c88,,[],"{""yith_wcwl_add_to_wishlist"":1}",,,,,,,,,,,,,
8479,simple,,"Brew Stove Coffee Maker",1,0,visible,"Morbi non blandit lacus. Aliquam tincidunt tempus mauris consequat varius. Phasellus elementum non ex gravida feugiat. Curabitur ultrices metus eu tincidunt accumsan.","Nulla maximus sed odio laoreet condimentum. Cras orci lectus, molestie vel pulvinar eget, commodo eget sapien. Vestibulum ante ipsum primis in faucibus orci luctus et ultrices posuere cubilia curae; Suspendisse sapien erat, viverra ut tellus sit amet, auctor consectetur mauris. Phasellus volutpat lorem tortor, et commodo turpis commodo in. Nulla ac elementum nunc, sit amet lacinia sapien. Proin risus lacus, ullamcorper nec accumsan in, maximus vitae dui. Mauris quis lectus a nunc imperdiet vestibulum vitae id nulla. Fusce vel volutpat tellus. Donec at metus euismod, interdum nunc in, mollis justo. Sed molestie libero at accumsan eleifend.\n\nDuis lacus libero, imperdiet at turpis imperdiet, varius lacinia neque. Sed placerat lobortis odio, sed vehicula turpis. Nunc consequat enim ac scelerisque auctor. \n\n<h6>Materials:</h6>  \nSolid Steel\n\n<h6>Dimensions:</h6>\nWidth15cm / 5.9in\nHeight23cm / 9 in\n",,,taxable,,1,,,0,0,0.8,,,,1,,,599,"Accessories, Decoration",,,"https://livewp.site/wp/md/ewebot/wp-content/uploads/sites/64/2021/03/brew-stove-coffee-maker.jpg, https://livewp.site/wp/md/ewebot/wp-content/uploads/sites/64/2021/03/brew-stove-coffee-maker-1.jpg, https://livewp.site/wp/md/ewebot/wp-content/uploads/sites/64/2021/03/brew-stove-coffee-maker-2.jpg",,,,,,,,,0,,default,default,default,0,1,middle,center,#3b3663,#ffffff,no-repeat,cover,scroll,"center center",215,0,1,0,1,80,default,container,horizontal,0,default,small_h_rect,yes,no,,,default,default,d208eddd014a9b7d269eac91cbce22de,2b755c0848781fb08dfb20e373d42080,7b41ccc64c12fc9aab5b951c66f90c88,,[],"{""yith_wcwl_add_to_wishlist"":1}",,,,,,,,,,,,,
8483,variable,,"Menu Knitting Lounge Chair",1,0,visible,"Aliquam tempor lobortis molestie. Cras quis viverra justo, non venenatis felis. Sed non euismod odio. Praesent eget turpis vel velit congue vehicula sit amet sed leonorm.","<strong>Nulla maximus</strong> sed odio laoreet condimentum. Cras orci lectus, molestie vel pulvinar eget, commodo eget sapien. Vestibulum ante ipsum primis in faucibus orci luctus et ultrices posuere cubilia curae; Suspendisse sapien erat, viverra ut tellus sit amet, auctor consectetur mauris. Phasellus volutpat lorem tortor, et commodo turpis commodo in. Nulla ac elementum nunc, sit amet lacinia sapien. Proin risus lacus, ullamcorper nec accumsan in, maximus vitae dui. Mauris quis lectus a nunc imperdiet vestibulum vitae id nulla. Fusce vel volutpat tellus. Donec at metus euismod, interdum nunc in, mollis justo. Sed molestie libero at accumsan eleifend.\n\nSed facilisis vestibulum magna, vel feugiat felis auctor non. Duis lacus libero, imperdiet at turpis imperdiet, varius lacinia neque. Sed placerat lobortis odio, sed vehicula turpis. Nunc consequat enim ac scelerisque auctor. Aenean commodo, lorem et commodo luctus, erat erat suscipit nibh, eget bibendum mauris urna eu enim. Curabitur interdum tristique condimentum. Pellentesque accumsan ligula enim, nec dictum lorem semper eget.\n<h6>Materials:</h6>\nWax Stained Solid Oak &amp; Sand Aniline Leather\n<h6>Dimensions:</h6>\nHeight: 90.6 cm / 35.7 inch\nSeat Height: 30 cm / 11.8 inch\nWidth: 71.3 cm / 28.1 inch\nDepth: 66.9 cm / 26.3 inch\n\n<img class=""size-full wp-image-8335 aligncenter"" src=""https://livewp.site/wp/md/ewebot/wp-content/uploads/sites/64/2019/08/shop_item_description_image.jpg"" alt="""" width=""770"" height=""418"" />\n\n&nbsp;",,,taxable,,1,,,0,0,3,,,,1,,,,Furniture,,,"https://livewp.site/wp/md/ewebot/wp-content/uploads/sites/64/2021/03/menu-knitting-chair.jpg, https://livewp.site/wp/md/ewebot/wp-content/uploads/sites/64/2021/03/menu-knitting-chair-1.jpg, https://livewp.site/wp/md/ewebot/wp-content/uploads/sites/64/2021/03/menu-knitting-chair-2.jpg, https://livewp.site/wp/md/ewebot/wp-content/uploads/sites/64/2021/03/menu-knitting-chair-3.jpg, https://livewp.site/wp/md/ewebot/wp-content/uploads/sites/64/2021/03/menu-knitting-chair-4.jpg",,,,,,,,,0,"{""Color"":{""name"":""Color"",""type"":""color"",""terms"":{""Dark Oak"":{""name"":""Dark Oak"",""color"":""#504c4b"",""image"":"""",""show_tooltip"":"""",""tooltip_text"":"""",""tooltip_image"":"""",""image_size"":""""},""Natural Oak"":{""name"":""Natural Oak"",""color"":""#c5a283"",""image"":"""",""show_tooltip"":"""",""tooltip_text"":"""",""tooltip_image"":"""",""image_size"":""""}}},""Material"":{""name"":""Material"",""type"":""button"",""terms"":{""Leather"":{""name"":""Leather"",""color"":"""",""image"":"""",""show_tooltip"":"""",""tooltip_text"":"""",""tooltip_image"":"""",""image_size"":""""},""Textile"":{""name"":""Textile"",""color"":"""",""image"":"""",""show_tooltip"":"""",""tooltip_text"":"""",""tooltip_image"":"""",""image_size"":""""}}}}",default,default,default,0,1,middle,center,#3b3663,#ffffff,no-repeat,cover,scroll,"center center",215,0,1,0,1,80,default,container,horizontal,0,default,small_h_rect,no,yes,,,default,default,d208eddd014a9b7d269eac91cbce22de,2b755c0848781fb08dfb20e373d42080,7b41ccc64c12fc9aab5b951c66f90c88,,[],"{""yith_wcwl_add_to_wishlist"":1}",Color,"Dark Oak, Natural Oak",1,1,"Natural Oak",Material,"Leather, Textile",1,1,Leather,default,1,
8484,variation,,"Menu Knitting Lounge Chair - Dark Oak, Leather",1,0,visible,,,,,taxable,parent,1,,,0,0,,,,,0,,,4999,,,,https://livewp.site/wp/md/ewebot/wp-content/uploads/sites/64/2021/03/menu-knitting-chair-2.jpg,,,id:8483,,,,,,3,,,,,,,,,,,,,,,,,,,,,,,,,,,,,,,,,,,,,,,Color,"Dark Oak",,1,,Material,Leather,,1,,,,
8489,simple,,"Beat Fat Pendant Light Brass",1,0,visible,"Etiam sodales, lectus sit amet fermentum ullamcorper, ligula tellus bibendum tortor, non pretium erat erat nec nisl. Etiam quis urna id nibh feugiat lobortis.Nullam pharetra nisi ut metus blandit, at rutrum magna dapibus. Duis fringilla vestibulum metus quis sagittis.","Nulla velit turpis, tincidunt eget elit vitae, congue sodales metus. Sed sed neque luctus, sollicitudin sem sed, consectetur libero. Nunc mollis turpis velit, vitae laoreet sapien vehicula nec. Curabitur blandit ac libero eu dictum. Nullam vehicula hendrerit nisl eu laoreet. Cras non velit est. Vivamus tincidunt lacus est, at auctor elit finibus et. Maecenas a consequat metus. Aliquam ac nisl nec est mollis faucibus eget vitae eros. Duis bibendum vestibulum felis id mattis.\n\nSuspendisse metus sapien, lacinia eu lectus sit amet, consequat mollis felis. Mauris convallis augue quis semper venenatis. Vivamus imperdiet leo at neque efficitur, id faucibus arcu eleifend. Vivamus in massa bibendum, aliquet est quis, ornare lacus.\n<h6>Materials:</h6>\nBrass\n<h6>Dimensions:</h6>\nWidth24cm / 9.4in\nHeight30.4cm / 11.9 in",,,taxable,,1,,,0,0,1.5,,,,1,,360,450,Lighting,,,"https://livewp.site/wp/md/ewebot/wp-content/uploads/sites/64/2021/03/beat-fat-pendant-light-brass.jpg, https://livewp.site/wp/md/ewebot/wp-content/uploads/sites/64/2021/03/beat-fat-pendant-light-brass-1.jpg, https://livewp.site/wp/md/ewebot/wp-content/uploads/sites/64/2021/03/beat-fat-pendant-light-brass-2.jpg",,,,,,,,,0,,default,default,default,0,1,middle,center,#3b3663,#ffffff,no-repeat,cover,scroll,"center center",215,0,1,0,1,80,default,container,horizontal,0,default,small_h_rect,no,yes,,,default,default,d208eddd014a9b7d269eac91cbce22de,2b755c0848781fb08dfb20e373d42080,7b41ccc64c12fc9aab5b951c66f90c88,,[],"{""mc4wp_form"":1,""yith_wcwl_add_to_wishlist"":1}",,,,,,,,,,,custom,3,
8506,variation,,"Menu Knitting Lounge Chair - Dark Oak, Textile",1,0,visible,,,,,taxable,parent,1,,,0,0,,,,,0,,,4999,,,,https://livewp.site/wp/md/ewebot/wp-content/uploads/sites/64/2021/03/menu-knitting-chair-1.jpg,,,id:8483,,,,,,1,,,,,,,,,,,,,,,,,,,,,,,,,,,,,,,,,,,,,,,Color,"Dark Oak",,1,,Material,Textile,,1,,,,
8507,variation,,"Menu Knitting Lounge Chair - Natural Oak, Leather",1,0,visible,,,,,taxable,parent,1,,,0,0,,,,,0,,,4999,,,,https://livewp.site/wp/md/ewebot/wp-content/uploads/sites/64/2021/03/menu-knitting-chair.jpg,,,id:8483,,,,,,2,,,,,,,,,,,,,,,,,,,,,,,,,,,,,,,,,,,,,,,Color,"Natural Oak",,1,,Material,Leather,,1,,,,
9120,simple,,"Start Doing 4th Edition",1,0,visible,"<p>Maecenas varius id metus eu rutrum. Ut porta eu sapien sed finibus. Vivamus facilisis, diam in mollis finibus, tortor orci egestas sapien, id egestas sapien leo et mi.</p>","<p>Aenean sed auctor metus. Maecenas et luctus neque, quis ullamcorper erat. Vestibulum ante ipsum primis in faucibus orci luctus et ultrices posuere cubilia curae; Mauris posuere purus placerat massa aliquet facilisis. Aliquam aliquet posuere velit, id ultricies enim laoreet ut. Mauris posuere dignissim maximus. Integer a fermentum metus. Curabitur rutrum quam id erat pulvinar ultricies. Proin sollicitudin facilisis bibendum. Nunc ac magna mauris. Suspendisse et dui pulvinar lacus bibendum placerat ut molestie lacus. Morbi ac ex dolor. Praesent ultrices ligula quis neque mattis cursus. Integer consequat consequat mollis. Vestibulum dignissim tristique semper. Aliquam et lorem vitae felis aliquam vestibulum in in sapien. Etiam dictum justo quis lacus gravida placerat. Ut maximus lacus eu malesuada malesuada. Pellentesque porttitor lectus ullamcorper, mattis nunc bibendum, euismod augue.</p>",,,taxable,,1,,,0,0,2,40,30,5,1,,39,49,Books,,,https://livewp.site/wp/md/ewebot/wp-content/uploads/sites/64/2021/05/start_doing.jpg,,,,,,,,,0,,default,default,default,0,1,middle,center,#3b3663,#ffffff,no-repeat,cover,scroll,"center center",215,0,1,0,1,80,default,container,horizontal,0,default,small_h_rect,no,yes,,,default,default,d208eddd014a9b7d269eac91cbce22de,2b755c0848781fb08dfb20e373d42080,7b41ccc64c12fc9aab5b951c66f90c88,,[],"{""yith_wcwl_add_to_wishlist"":1}",,,,,,,,,,,default,1,2021-05-24
9124,simple,,"Spirit Hard Cover",1,0,visible,"<p>Maecenas varius id metus eu rutrum. Ut porta eu sapien sed finibus. Vivamus facilisis, diam in mollis finibus, tortor orci egestas sapien, id egestas sapien leo et mi.</p>","<p>Aenean sed auctor metus. Maecenas et luctus neque, quis ullamcorper erat. Vestibulum ante ipsum primis in faucibus orci luctus et ultrices posuere cubilia curae; Mauris posuere purus placerat massa aliquet facilisis. Aliquam aliquet posuere velit, id ultricies enim laoreet ut. Mauris posuere dignissim maximus. Integer a fermentum metus. Curabitur rutrum quam id erat pulvinar ultricies. Proin sollicitudin facilisis bibendum. Nunc ac magna mauris. Suspendisse et dui pulvinar lacus bibendum placerat ut molestie lacus. Morbi ac ex dolor. Praesent ultrices ligula quis neque mattis cursus. Integer consequat consequat mollis. Vestibulum dignissim tristique semper. Aliquam et lorem vitae felis aliquam vestibulum in in sapien. Etiam dictum justo quis lacus gravida placerat. Ut maximus lacus eu malesuada malesuada. Pellentesque porttitor lectus ullamcorper, mattis nunc bibendum, euismod augue.</p>",,,taxable,,1,,,0,0,2,40,30,5,1,,,59,Books,,,https://livewp.site/wp/md/ewebot/wp-content/uploads/sites/64/2021/05/spirit.jpg,,,,,,,,,0,,default,default,default,0,1,middle,center,#3b3663,#ffffff,no-repeat,cover,scroll,"center center",215,0,1,0,1,80,default,container,horizontal,0,default,small_h_rect,no,no,,,default,default,d208eddd014a9b7d269eac91cbce22de,2b755c0848781fb08dfb20e373d42080,7b41ccc64c12fc9aab5b951c66f90c88,,[],"{""yith_wcwl_add_to_wishlist"":1}",,,,,,,,,,,default,1,2021-05-24
9126,simple,,"Power to Be Peaceful",1,0,visible,"<p>Maecenas varius id metus eu rutrum. Ut porta eu sapien sed finibus. Vivamus facilisis, diam in mollis finibus, tortor orci egestas sapien, id egestas sapien leo et mi.</p>","<p>Aenean sed auctor metus. Maecenas et luctus neque, quis ullamcorper erat. Vestibulum ante ipsum primis in faucibus orci luctus et ultrices posuere cubilia curae; Mauris posuere purus placerat massa aliquet facilisis. Aliquam aliquet posuere velit, id ultricies enim laoreet ut. Mauris posuere dignissim maximus. Integer a fermentum metus. Curabitur rutrum quam id erat pulvinar ultricies. Proin sollicitudin facilisis bibendum. Nunc ac magna mauris. Suspendisse et dui pulvinar lacus bibendum placerat ut molestie lacus. Morbi ac ex dolor. Praesent ultrices ligula quis neque mattis cursus. Integer consequat consequat mollis. Vestibulum dignissim tristique semper. Aliquam et lorem vitae felis aliquam vestibulum in in sapien. Etiam dictum justo quis lacus gravida placerat. Ut maximus lacus eu malesuada malesuada. Pellentesque porttitor lectus ullamcorper, mattis nunc bibendum, euismod augue.</p>",,,taxable,,1,,,0,0,2,40,30,5,1,,,19,Books,,,https://livewp.site/wp/md/ewebot/wp-content/uploads/sites/64/2021/05/power_peace_ful.jpg,,,,,,,,,0,,default,default,default,0,1,middle,center,#3b3663,#ffffff,no-repeat,cover,scroll,"center center",215,0,1,0,1,80,default,container,horizontal,0,default,small_h_rect,no,yes,,,default,default,d208eddd014a9b7d269eac91cbce22de,2b755c0848781fb08dfb20e373d42080,7b41ccc64c12fc9aab5b951c66f90c88,,[],"{""yith_wcwl_add_to_wishlist"":1}",,,,,,,,,,,default,1,2021-05-24
9128,simple,,Genesis,1,0,visible,"<p>Maecenas varius id metus eu rutrum. Ut porta eu sapien sed finibus. Vivamus facilisis, diam in mollis finibus, tortor orci egestas sapien, id egestas sapien leo et mi.</p>","<p>Aenean sed auctor metus. Maecenas et luctus neque, quis ullamcorper erat. Vestibulum ante ipsum primis in faucibus orci luctus et ultrices posuere cubilia curae; Mauris posuere purus placerat massa aliquet facilisis. Aliquam aliquet posuere velit, id ultricies enim laoreet ut. Mauris posuere dignissim maximus. Integer a fermentum metus. Curabitur rutrum quam id erat pulvinar ultricies. Proin sollicitudin facilisis bibendum. Nunc ac magna mauris. Suspendisse et dui pulvinar lacus bibendum placerat ut molestie lacus. Morbi ac ex dolor. Praesent ultrices ligula quis neque mattis cursus. Integer consequat consequat mollis. Vestibulum dignissim tristique semper. Aliquam et lorem vitae felis aliquam vestibulum in in sapien. Etiam dictum justo quis lacus gravida placerat. Ut maximus lacus eu malesuada malesuada. Pellentesque porttitor lectus ullamcorper, mattis nunc bibendum, euismod augue.</p>",,,taxable,,1,,,0,0,2,40,30,5,1,,,39,Books,,,https://livewp.site/wp/md/ewebot/wp-content/uploads/sites/64/2021/05/genesis.jpg,,,,,,,,,0,,default,default,default,0,1,middle,center,#3b3663,#ffffff,no-repeat,cover,scroll,"center center",215,0,1,0,1,80,default,container,horizontal,0,default,small_h_rect,no,no,,,default,default,d208eddd014a9b7d269eac91cbce22de,2b755c0848781fb08dfb20e373d42080,7b41ccc64c12fc9aab5b951c66f90c88,,[],"{""yith_wcwl_add_to_wishlist"":1}",,,,,,,,,,,default,1,2021-05-24
